[
  {
    "id": "0",
    "len": "1",
    "ending": "です。",
    "msg1": "希望されるお風呂の大きさは、どのくらいですか？",
    "msg2": "",
    "msg3": "",
    "choice1": "ユニットバス",
    "choice2": "タイル貼り",
    "choice3": "わからない"
  },
  {
    "id": "1",
    "len": "2",
    "ending": "です。",
    "msg1": "浴槽まわりの希望をお伺いします。",
    "msg2": "湯船につかる頻度が多い場合は、浴槽の形が重要です。",
    "msg3": "浴槽の形にこだわりはありますか？",
    "choice1": "2畳未満",
    "choice2": "2畳以上",
    "choice3": "わからない"
  },
  {
    "id": "2",
    "len": "3",
    "ending": "です。",
    "msg1": "お湯の冷めにくい、保温効果のある浴槽をご希望されますか？",
    "msg2": "",
    "msg3": "",
    "choice1": "広さ重視",
    "choice2": "節水重視",
    "choice3": "特になし"
  },
  {
    "id": "3",
    "len": "4",
    "ending": "",
    "msg1": "リラックス・マッサージ効果のある、バブルバス・ジェットバスをご希望されますか？",
    "msg2": "",
    "msg3": "",
    "choice1": "はい",
    "choice2": "興味がある",
    "choice3": "いいえ"
  },
  {
    "id": "4",
    "len": "5",
    "ending": "",
    "msg1": "お風呂に埋込み型のオーディオを設置すると、音の広がりがよく、また見た目もスッキリします。",
    "msg2": "お風呂にオーディオの設置を希望されますか？",
    "msg3": "",
    "choice1": "はい",
    "choice2": "興味がある",
    "choice3": "いいえ"
  },
  {
    "id": "5",
    "len": "6",
    "ending": "",
    "msg1": "ゆったりお湯に浸かりながら、最大24インチの大迫力の画面でテレビを楽しむこともできます。",
    "msg2": "お風呂にテレビの設置を希望されますか？",
    "msg3": "",
    "choice1": "はい",
    "choice2": "興味がある",
    "choice3": "いいえ"
  },
  {
    "id": "6",
    "len": "7",
    "ending": "",
    "msg1": "設置する照明にこだわると、利用シーンに合わせて浴室の雰囲気を手軽に変えることができます。",
    "msg2": "機能的な照明をご希望されますか？",
    "msg3": "",
    "choice1": "はい",
    "choice2": "興味がある",
    "choice3": "いいえ"
  },
  {
    "id": "7",
    "len": "8",
    "ending": "",
    "msg1": "湯船に浸かる人が複数いたり、利用時間がバラバラな場合は、追い焚き機能が便利です。",
    "msg2": "追い焚き機能をご希望されますか？",
    "msg3": "",
    "choice1": "はい",
    "choice2": "興味がある",
    "choice3": "いいえ"
  },
  {
    "id": "8",
    "len": "9",
    "ending": "",
    "msg1": "リビングの家族を呼び出したり会話ができるインターフォンの設置を希望しますか？",
    "msg2": "",
    "msg3": "",
    "choice1": "はい",
    "choice2": "興味がある",
    "choice3": "いいえ"
  },
  {
    "id": "9",
    "len": "10",
    "ending": "",
    "msg1": "物件の場所はどちらになりますか？",
    "msg2": "",
    "msg3": "",
    "choice1": "はい",
    "choice2": "興味がある",
    "choice3": "いいえ"
  }
]
